{
    "0": {
        "precision": 0.9431818181818182,
        "recall": 0.9764705882352941,
        "f1-score": 0.9595375722543352,
        "support": 85.0
    },
    "1": {
        "precision": 0.9878787878787879,
        "recall": 0.9702380952380952,
        "f1-score": 0.978978978978979,
        "support": 168.0
    },
    "accuracy": 0.9723320158102767,
    "macro avg": {
        "precision": 0.9655303030303031,
        "recall": 0.9733543417366947,
        "f1-score": 0.9692582756166571,
        "support": 253.0
    },
    "weighted avg": {
        "precision": 0.9728620194035213,
        "recall": 0.9723320158102767,
        "f1-score": 0.9724472810675375,
        "support": 253.0
    }
}