{
    "0": {
        "precision": 0.9222222222222223,
        "recall": 0.9764705882352941,
        "f1-score": 0.9485714285714286,
        "support": 85.0
    },
    "1": {
        "precision": 0.9877300613496932,
        "recall": 0.9583333333333334,
        "f1-score": 0.972809667673716,
        "support": 168.0
    },
    "accuracy": 0.9644268774703557,
    "macro avg": {
        "precision": 0.9549761417859577,
        "recall": 0.9674019607843137,
        "f1-score": 0.9606905481225723,
        "support": 253.0
    },
    "weighted avg": {
        "precision": 0.9657214987969857,
        "recall": 0.9644268774703557,
        "f1-score": 0.9646663857618804,
        "support": 253.0
    }
}