{
  "KNN": {
    "accuracy": 0.9649122807017544,
    "precision": 0.9594594594594594,
    "recall": 0.9861111111111112,
    "f1": 0.9726027397260274,
    "roc_auc": 0.9713955026455027
  },
  "MLP": {
    "accuracy": 0.956140350877193,
    "precision": 0.958904109589041,
    "recall": 0.9722222222222222,
    "f1": 0.9655172413793104,
    "roc_auc": 0.992063492063492
  },
  "Logistic Regression": {
    "accuracy": 0.956140350877193,
    "precision": 0.9855072463768116,
    "recall": 0.9444444444444444,
    "f1": 0.9645390070921985,
    "roc_auc": 0.9953703703703703
  },
  "SVM": {
    "accuracy": 0.956140350877193,
    "precision": 0.9855072463768116,
    "recall": 0.9444444444444444,
    "f1": 0.9645390070921985,
    "roc_auc": 0.9953703703703705
  },
  "Random Forest": {
    "accuracy": 0.9385964912280702,
    "precision": 0.9577464788732394,
    "recall": 0.9444444444444444,
    "f1": 0.951048951048951,
    "roc_auc": 0.9933862433862434
  }
}